user1000,eyJhbGciOiJIUzUxMiJ9.eyJzdWIiOiJ1c2VyMTAwMCIsImV4cCI6MTYxODQ1NjU0OCwiaWF0IjoxNjE4NDIwNTQ4fQ.DeMB2I5sQYksOhnnol4JvTZhjaQHA4pXFB0PoFr_jjTd0NsKm7Ca3p9na1AbOz_K4Pv-7sMG-aP3Us1AmZlhRA,album-user1000-1618420548857
user1001,eyJhbGciOiJIUzUxMiJ9.eyJzdWIiOiJ1c2VyMTAwMSIsImV4cCI6MTYxODQ1NjU1MSwiaWF0IjoxNjE4NDIwNTUxfQ.XbdZdlkI2xWg8sfCbHK6BmgJYeNYPQ9Q8F8-DeVcWuCkb6kOdgAt8HSc0OMr1xKz45EwNvER12SVqNfiQL-pyg,album-user1001-1618420552007
user1002,eyJhbGciOiJIUzUxMiJ9.eyJzdWIiOiJ1c2VyMTAwMiIsImV4cCI6MTYxODQ1NjU1MywiaWF0IjoxNjE4NDIwNTUzfQ.r3CurNxmPBGKiBxc0U5mWn3KjUETLH83AXkMPznqmdLfkqPNEksdejPwBzvKR6gRdbubgyfp78SuZW-3AIl4aQ,album-user1002-1618420553722
user1003,eyJhbGciOiJIUzUxMiJ9.eyJzdWIiOiJ1c2VyMTAwMyIsImV4cCI6MTYxODQ1NjU1NSwiaWF0IjoxNjE4NDIwNTU1fQ.nX9ZQuQ9wzdVECqbW1q1PMvgitjN6yWC0ZUqAJ-BFVQ-Yct_MyFyH1Gw-P6-YZs0SSosYTPt3yqo10m3m-A3_w,album-user1003-1618420555814
user1004,eyJhbGciOiJIUzUxMiJ9.eyJzdWIiOiJ1c2VyMTAwNCIsImV4cCI6MTYxODQ1NjU1OCwiaWF0IjoxNjE4NDIwNTU4fQ.jol0WeFJ2WlHPTWqJIjM0oa4mUoOvaoD55Io3mqkcdvMuCSObsbCTa0gKd-4PQjVkNsQ9FJh85VCPYAD5yF-zw,album-user1004-1618420558972
user1005,eyJhbGciOiJIUzUxMiJ9.eyJzdWIiOiJ1c2VyMTAwNSIsImV4cCI6MTYxODQ1NjU1OSwiaWF0IjoxNjE4NDIwNTU5fQ.4BRbIMFE55Ao8EYugjz9LHT3WKodxg6Gg1_Xt9rhn9DH_TW8AlAElVxGrzeiKY1kn36rNVQWDitymFKJzxF2-A,album-user1005-1618420559718
user1006,eyJhbGciOiJIUzUxMiJ9.eyJzdWIiOiJ1c2VyMTAwNiIsImV4cCI6MTYxODQ1NjU2MSwiaWF0IjoxNjE4NDIwNTYxfQ.Zp6_4X8PqdUW8Dn1qmiurfA7s-ZimVpxiUH9MBcUs-9CJujGwUOZAkfG2oL_YmhsagrMrQ3jgeAB6qRgWwvQsQ,album-user1006-1618420561270
user1007,eyJhbGciOiJIUzUxMiJ9.eyJzdWIiOiJ1c2VyMTAwNyIsImV4cCI6MTYxODQ1NjU2MSwiaWF0IjoxNjE4NDIwNTYxfQ.uy8U2gSryZT8rHEH8SCZDjXAESITCsmvJeY27rgQlh7I44i2A5aGhsfLTP8H6mOCh-057dVtpFuuaZKTSDRzvg,album-user1007-1618420562003
user1008,eyJhbGciOiJIUzUxMiJ9.eyJzdWIiOiJ1c2VyMTAwOCIsImV4cCI6MTYxODQ1NjU2MywiaWF0IjoxNjE4NDIwNTYzfQ.dZPtv_7uT4Fzk2gv2xsBuwVCihkgf7EHMeMdAgxtnCLrhJgS60V6hreXwa8cqFKsD3TC8M0Y3ak-sHDavklhZw,album-user1008-1618420563569
user1009,eyJhbGciOiJIUzUxMiJ9.eyJzdWIiOiJ1c2VyMTAwOSIsImV4cCI6MTYxODQ1NjU2NSwiaWF0IjoxNjE4NDIwNTY1fQ.DLn2iVm76iKeUiaOOx3iDboEYT0wHu_vOS3smc0DrOyLS1PYNlMQjIHuJ7ZfhBg_VAySeCB2ANMdhX8QcyBiug,album-user1009-1618420565252
